{"name":"MakeAppointment","identifier":"XMZARUJKGP","description":"Intent to book a dentist's appointment","parentIntentSignature":null,"sampleUtterances":[{"utterance":"I would like to book an appointment"},{"utterance":"Book an appointment"},{"utterance":"Book a {AppointmentType}"}],"intentConfirmationSetting":{"isActive":true,"promptSpecification":{"messageGroupsList":[{"message":{"ssmlMessage":null,"customPayload":null,"plainTextMessage":{"value":"{Time} is available, should I go ahead and book your appointment?"},"imageResponseCard":null},"variations":null}],"maxRetries":2,"allowInterrupt":true},"declinationResponse":{"messageGroupsList":[{"message":{"ssmlMessage":null,"customPayload":null,"plainTextMessage":{"value":"Okay, I will not schedule an appointment."},"imageResponseCard":null},"variations":null}],"allowInterrupt":true}},"intentClosingSetting":null,"inputContexts":null,"outputContexts":null,"kendraConfiguration":null,"dialogCodeHook":null,"fulfillmentCodeHook":{"postFulfillmentStatusSpecification":{"successResponse":{"messageGroupsList":[{"message":{"ssmlMessage":null,"customPayload":null,"plainTextMessage":{"value":"Your request completed successfully."},"imageResponseCard":null},"variations":null}],"allowInterrupt":true},"failureResponse":{"messageGroupsList":[{"message":{"ssmlMessage":null,"customPayload":null,"plainTextMessage":{"value":"Something went wrong.  Please try again after sometime."},"imageResponseCard":null},"variations":null}],"allowInterrupt":true},"timeoutResponse":null},"fulfillmentUpdatesSpecification":{"active":false,"timeoutInSeconds":null,"startResponse":{"delayInSeconds":1,"messageGroups":[{"message":{"ssmlMessage":null,"customPayload":null,"plainTextMessage":{"value":"Thank you for the information. We have started the process."},"imageResponseCard":null},"variations":[{"ssmlMessage":null,"customPayload":null,"plainTextMessage":{"value":"we will update you once appointment is confirmed."},"imageResponseCard":null}]}],"allowInterrupt":true},"updateResponse":null},"enabled":false},"slotPriorities":[{"priority":2,"slotName":"Date"},{"priority":3,"slotName":"Time"},{"priority":1,"slotName":"AppointmentType"}]}