{"name":"AppointmentType","identifier":"V4DCWONHCD","description":"The type of appointment being scheduled","slotTypeName":"AppointmentTypeValue","obfuscationSetting":null,"valueElicitationSetting":{"promptSpecification":{"messageGroupsList":[{"message":{"ssmlMessage":null,"customPayload":null,"plainTextMessage":{"value":"What type of appointment would you like to schedule?"},"imageResponseCard":null},"variations":null}],"maxRetries":2,"allowInterrupt":true},"slotConstraint":"Required","defaultValueSpecification":null,"sampleUtterances":null,"waitAndContinueSpecification":null},"multipleValuesSetting":null}